transcript,file_path
\frac{d}{dx}(y),data/mathwriting-2024/train/918ecee1572d08dd.inkml
\hat{a}_{i},data/mathwriting-2024/train/7d82fd8b55c6e449.inkml
\frac{\frac{\frac{10}{383}}{\sqrt{6}}}{185+191},data/mathwriting-2024/train/2d15249bf38715e0.inkml
f^{i^{c^{\cdot^{\cdot^{\cdot}}}}},data/mathwriting-2024/train/56790991984d0fd4.inkml
\prod_{p^{k}}f(p^{k}),data/mathwriting-2024/train/356254293fe17260.inkml
P\underline{\vee}Q,data/mathwriting-2024/train/c39562a304139d92.inkml
\int_{S}dS,data/mathwriting-2024/train/9207917e6018d93a.inkml
\tilde{f}(k),data/mathwriting-2024/train/7f328fe1ad9bc5bc.inkml
{19^{1}}^{\frac{272}{298}},data/mathwriting-2024/train/3fc13f675107d2cf.inkml
3/\tilde{4},data/mathwriting-2024/train/161006b3d45e9d7d.inkml
\frac{100-95}{95}=5.26\%,data/mathwriting-2024/train/3d390b750ee1050f.inkml
"\underline{a}_{1},...,\underline{a}_{r}\in\mathbb{R}^{n}",data/mathwriting-2024/train/9cd0cf6b718c33fd.inkml
\vec{e}_{3}=\frac{\omega}{2}\partial_{\phi}-\partial_{t},data/mathwriting-2024/train/d6fcd57aea1afd6b.inkml
\hat{M}^{\prime},data/mathwriting-2024/train/a8c79269b7d9cb48.inkml
I=\frac{\pi^{2}}{2}-\alpha\pi,data/mathwriting-2024/train/b0c16fabe7fca69c.inkml
\sigma_{+}^{2}=\sigma_{-}^{2}=\frac{1}{2}\sigma^{2},data/mathwriting-2024/train/6505bb674d92f98a.inkml
F(x)=\int ln(f(x))dx,data/mathwriting-2024/train/353b6762d232c45b.inkml
\hat{e},data/mathwriting-2024/train/5df90e8095c96025.inkml
p_{\omega}(x)=\omega(x^{*}x)^{1/2},data/mathwriting-2024/train/236d0f8ce8a5716d.inkml
D=\frac{2|E|}{|V|(|V|-1)},data/mathwriting-2024/train/b3029bad4fbdf633.inkml
c^{2}=1/\mu_{0}\epsilon_{0},data/mathwriting-2024/train/9b057cae82611617.inkml
\hat{h},data/mathwriting-2024/train/80d29b13c82b87c4.inkml
"y=ce^{\frac{1}{2}x^{2}},c\in\mathbb{R}",data/mathwriting-2024/train/3ff99de38ff0dbf5.inkml
(\frac{276+6}{1})^{450^{233}},data/mathwriting-2024/train/bab6064cc34f6f26.inkml
S=\frac{mu^{0}}{\sqrt{6-\frac{v^{0}}{u^{0}}}},data/mathwriting-2024/train/0aef2d8c87435f7e.inkml
(\frac{11}{8}\div\frac{48}{35}=\frac{385}{384}),data/mathwriting-2024/train/55722ac5ec0da644.inkml
\nabla f=g^{ik}\frac{\partial f}{\partial x^{k}}\frac{\partial}{\partial x^{i}},data/mathwriting-2024/train/986b403dbe4e7a78.inkml
\varsigma f^{\prime}=\frac{\varsigma f}{\sqrt{3-\frac{v^{0}}{c^{0}}}},data/mathwriting-2024/train/2eca88fcf3524e29.inkml
\int_{S}F\overline{G},data/mathwriting-2024/train/4085c846b3e88a12.inkml
Re=\frac{\rho uL}{\mu}=\frac{uL}{\nu},data/mathwriting-2024/train/48e4ce279319033a.inkml
D^{(t_{\gamma})},data/mathwriting-2024/train/1c007e930e6b306a.inkml
(\frac{9!}{8!\cdot(9!-8!)})^{9!},data/mathwriting-2024/train/c5977220aea32994.inkml
e^{15^{15^{15^{133}}}},data/mathwriting-2024/train/7093399228424d25.inkml
F_{n}^{+},data/mathwriting-2024/train/2f997b9c0818a080.inkml
\tilde{w},data/mathwriting-2024/train/e3a0332bbd7188fe.inkml
S<\prod_{i=1}^{k}m_{i},data/mathwriting-2024/train/c0f87420510d75fc.inkml
\frac{\Delta r}{i}=\frac{R^{\frac{2r_{l}}{i}}-1}{R^{\frac{2r_{l}}{i}}\cdot1},data/mathwriting-2024/train/1ce354a5bbd3297c.inkml
"[A,\overline{Q}]=\frac{1}{2}\overline{Q}",data/mathwriting-2024/train/617beca4c0e7a16d.inkml
aO_{n-1}b,data/mathwriting-2024/train/a3b315bacad5e0a2.inkml
\frac{dT}{dt}=0,data/mathwriting-2024/train/0abd133660f4f89b.inkml
\{\begin{matrix}3\\ 8\end{matrix}\},data/mathwriting-2024/train/b800575baacf5138.inkml
\sqrt{a^{2}+b^{2}}=c,data/mathwriting-2024/train/030e0cb56c3d3b38.inkml
\mu=\frac{m_{e}M}{m_{e}+M},data/mathwriting-2024/train/132cb8cc637ec64f.inkml
\omega=\frac{d\theta}{dt},data/mathwriting-2024/train/e2298946fd098cd5.inkml
\int_{-3}^{0}(3)dx,data/mathwriting-2024/train/124da7ddc314cf47.inkml
{X^{u}}^{5},data/mathwriting-2024/train/b6fb23f7ac502aa4.inkml
"(t,x)\rightarrow P_{t}f(x)",data/mathwriting-2024/train/0bd9816c012f4384.inkml
y^{2}=z^{-1}e^{-2x},data/mathwriting-2024/train/58464e6e5eae215a.inkml
\sum_{k=0}^{n}(\begin{matrix}n\\ k\end{matrix})^{2}=(\begin{matrix}2n\\ n\end{matrix}),data/mathwriting-2024/train/d35f28312467ed11.inkml
\nabla B_{z}=\frac{dB_{z}}{dA}\nabla A,data/mathwriting-2024/train/dec7624d35488278.inkml
[\begin{matrix}1&1\\ 0&1\end{matrix}],data/mathwriting-2024/train/782d9c5fd34b5df7.inkml
A\overline{B},data/mathwriting-2024/train/7b54c57e60ccbfa3.inkml
"a^{b}=b^{a},a\ne b",data/mathwriting-2024/train/0d282f9edfa6808f.inkml
\tilde{E}_{n},data/mathwriting-2024/train/54e2a08fbfcac0bd.inkml
\frac{dm}{dt},data/mathwriting-2024/train/b91cae4327b31718.inkml
"\underline{x}=(x_{1},...,x_{d})",data/mathwriting-2024/train/4652f8236189c235.inkml
\nabla u=\frac{\partial u}{\partial x}i+\frac{\partial u}{\partial y}j,data/mathwriting-2024/train/5cf6c37abf95651a.inkml
\int_{V}JdV=0,data/mathwriting-2024/train/5f54b2d21e983fdb.inkml
\overline{\frac{\partial(\overline{u_{i}}\cdot u_{i}^{\prime})}{\partial q_{i}}}=3,data/mathwriting-2024/train/da9d42da8d8fdd9e.inkml
\frac{\frac{2}{401}}{8-490},data/mathwriting-2024/train/b55bee6b62f1269e.inkml
(\begin{matrix}a&b\\ c&d\end{matrix}),data/mathwriting-2024/train/0c681f08e982d5db.inkml
X_{2},data/mathwriting-2024/train/6cd836bf6d70379c.inkml
\frac{2rcot\frac{\pi}{2n}}{n},data/mathwriting-2024/train/48b52aa6122810c0.inkml
\vec{r}=[\begin{matrix}1\\ 1\end{matrix}],data/mathwriting-2024/train/c28668629366d51c.inkml
v=\frac{\partial g}{\partial y},data/mathwriting-2024/train/6c3a801cc404f11d.inkml
u=(\frac{t}{2\pi})^{1/4},data/mathwriting-2024/train/d3a95a3e14787503.inkml
\hat{p},data/mathwriting-2024/train/24ba370fae6b9c19.inkml
\frac{\partial g}{\partial x},data/mathwriting-2024/train/e19363e0476cd4f0.inkml
\prod_{p|n}f(p),data/mathwriting-2024/train/a46c1d17f208098b.inkml
\hat{\mu},data/mathwriting-2024/train/a369dcde9299a4a7.inkml
"(0,+\infty)",data/mathwriting-2024/train/17c97f37429a2449.inkml
\tilde{\nu},data/mathwriting-2024/train/10a12ac9408f3563.inkml
\frac{B}{r+1},data/mathwriting-2024/train/37931e2003183d16.inkml
\sum_{n=1}^{10}8n,data/mathwriting-2024/train/85b91ce3121e2052.inkml
a_{i1}=\frac{P(x_{i})}{Q^{\prime}(x_{i})},data/mathwriting-2024/train/09b32da428324db4.inkml
\frac{db}{dt}=\frac{1}{3},data/mathwriting-2024/train/ff48d7dedae3b773.inkml
\int_{a}^{b}f(x)dg(x),data/mathwriting-2024/train/a76724f4df2ce0d9.inkml
\hat{w},data/mathwriting-2024/train/dc844038d7b353ae.inkml
A[t/x],data/mathwriting-2024/train/911d42e4c335b81b.inkml
\frac{(1+\sigma)^{r}|Df|}{\Xi},data/mathwriting-2024/train/3f35ff26fff6a998.inkml
s_{2}=8.37,data/mathwriting-2024/train/845c03647c2b008d.inkml
\int_{E}w(x)dx,data/mathwriting-2024/train/f577bd3e0e22d201.inkml
\hat{R},data/mathwriting-2024/train/948b3c7bb8fa451b.inkml
V(k)=\frac{4\pi Ze}{q^{2}+k^{2}},data/mathwriting-2024/train/a6cf6b0c49bc4f95.inkml
\frac{\partial T}{\partial q_{k}},data/mathwriting-2024/train/96c1373765fcea96.inkml
x=\frac{1}{625},data/mathwriting-2024/train/2ae20280220a572f.inkml
o^{\prime}=\frac{o-rq}{\sqrt{1-\frac{r^{2}}{b^{2}}}},data/mathwriting-2024/train/381aa368d93bf91c.inkml
\frac{(\frac{493}{8})^{470}}{\frac{31}{4}},data/mathwriting-2024/train/0dcfb89cf39560dd.inkml
\tilde{O}(E^{10/7}),data/mathwriting-2024/train/ac5949a5671a0d8c.inkml
x=v\sqrt{\frac{h}{2g}},data/mathwriting-2024/train/6849f8db74b15de8.inkml
\hat{m}=\frac{\vec{r}_{1}\times\vec{r}_{2}}{||\vec{r}_{1}\times\vec{r}_{2}||},data/mathwriting-2024/train/0d391c69c7ce55d4.inkml
S1=\sum_{j=1}^{k}n_{j}m_{j}s_{j},data/mathwriting-2024/train/59064ccda430a6af.inkml
p=\frac{m+u}{\sqrt{6-\frac{u^{2}}{c^{2}}}},data/mathwriting-2024/train/3c42d24357fb409b.inkml
E_{r}=\frac{s}{||s||},data/mathwriting-2024/train/1232ef5e28cd4a41.inkml
X:=\prod_{i\in I}X_{i},data/mathwriting-2024/train/50c89495e5135ccb.inkml
"s\in\{-\frac{1}{2},0,\frac{1}{2}\}",data/mathwriting-2024/train/78dc21887e24e4f8.inkml
\overline{OP_{i}},data/mathwriting-2024/train/550216d430e476ce.inkml
lnx=\int_{1}^{x}\frac{du}{u},data/mathwriting-2024/train/2f3b4d5b25ece5ae.inkml
\hat{\zeta}_{0}(\omega),data/mathwriting-2024/train/fe143c34a6bb0bb4.inkml
\ge\frac{1}{2},data/mathwriting-2024/train/2babcd0759849ec6.inkml
\pm EI\frac{d^{2}w}{dx^{2}}=M,data/mathwriting-2024/train/e5d401036e770fdc.inkml
"\frac{\partial f(M,T)}{\partial M}>0",data/mathwriting-2024/train/f8f9971e07917d4d.inkml
\{\begin{matrix}6\\ 6\end{matrix}\},data/mathwriting-2024/train/3cfc2bb67d4f5d37.inkml
\hat{T}=t_{1}...t_{m},data/mathwriting-2024/train/1db87abd1f7c4106.inkml
\frac{dB}{dz},data/mathwriting-2024/train/2155eaa73dcb1d86.inkml
-D_{1}\frac{\partial C_{1}}{\partial x},data/mathwriting-2024/train/8148c249238ed877.inkml
\sqrt{6}\times\sqrt{6},data/mathwriting-2024/train/daf7a9f79a6d281d.inkml
c_{R}=0.5c_{B}(d_{BL})^{0.5},data/mathwriting-2024/train/6bdb822d8cae8e64.inkml
C=\sum_{j=0}^{M}\sum_{i<j}C_{ij}/P,data/mathwriting-2024/train/ae0f22289e6282fe.inkml
\Phi=\frac{1}{\sqrt{1-\frac{s^{2}}{i^{2}}}},data/mathwriting-2024/train/e96fec689e663d7d.inkml
"X=(a_{1},...,a_{|X|})",data/mathwriting-2024/train/55c439e3ae3c9206.inkml
F:X\rightarrow X^{\prime},data/mathwriting-2024/train/28d1590059a9aefd.inkml
(\begin{matrix}1&1\\ 1&1\end{matrix}),data/mathwriting-2024/train/5b62d87dff6aac78.inkml
5^{\sqrt{189}}-381\cdot(\frac{197}{10})^{5},data/mathwriting-2024/train/8bc780ae99365271.inkml
tr\{\begin{matrix}5\\ 3\end{matrix}\},data/mathwriting-2024/train/e08237dcb2c3e819.inkml
K_{v}=F\sqrt{\frac{SG}{\Delta P}},data/mathwriting-2024/train/b811dfd75bbba81b.inkml
\frac{8\pi g}{\sqrt{9-\frac{2g}{rh^{2}}}},data/mathwriting-2024/train/cc6c5659565e11db.inkml
(\begin{matrix}1&-1\\ 1&-1\end{matrix}),data/mathwriting-2024/train/0014ab1a02dbc233.inkml
\int cos(x^{2})dx,data/mathwriting-2024/train/981a2dd1a55b337a.inkml
\hat{\gamma},data/mathwriting-2024/train/865f406126001144.inkml
-\int e^{u}cos(-u)dx,data/mathwriting-2024/train/672c1bad88998d19.inkml
2\sqrt{K},data/mathwriting-2024/train/a2cede75d645e82e.inkml
W=\frac{\mu}{2}(I_{1}-3),data/mathwriting-2024/train/e63a3d590845b883.inkml
P(L|S)\approx0.0214,data/mathwriting-2024/train/7c34e0474638a807.inkml
\frac{dz}{(z+a)^{3}z^{1/2}},data/mathwriting-2024/train/dbba7153f71b8388.inkml
v\notin N(T\backslash S),data/mathwriting-2024/train/34cd0367e4cf9ef4.inkml
\frac{z}{z-1},data/mathwriting-2024/train/00e16843dc83d7c2.inkml
\int cose^{x}dx,data/mathwriting-2024/train/57896e2e7a329f79.inkml
\mu\pm z_{\alpha/2}\frac{\sigma}{\sqrt{n}},data/mathwriting-2024/train/7d7c2040cd80e6f8.inkml
[\begin{matrix}3&4&5\\ 4&7\\ 6\end{matrix}],data/mathwriting-2024/train/9e0f98c895112b17.inkml
\frac{\Delta v}{c}=tanh[\frac{at}{c}],data/mathwriting-2024/train/b0bfd4b3b3a7587b.inkml
(\pm\sqrt{2})^{2}-4=-2<0,data/mathwriting-2024/train/70799db51051d3c5.inkml
EI\frac{d^{4}w(x)}{dx^{4}}=q(x),data/mathwriting-2024/train/89ae337fefb0a7f7.inkml
Q=\sqrt{\frac{{R_{3}}^{7}Y_{0}}{R_{7}R_{8}Y_{7}}},data/mathwriting-2024/train/65966915e62ffe4a.inkml
\tilde{\phi}(xU)=\phi(x),data/mathwriting-2024/train/53734ca8362a1ac9.inkml
A_{1}=\frac{P}{\sqrt{2}},data/mathwriting-2024/train/5397b6fcfdaa06fd.inkml
z^{X}=\prod_{x\in X}z_{x},data/mathwriting-2024/train/f0af730347385194.inkml
z=e^{j\Omega},data/mathwriting-2024/train/d134f7bedb8e0eb2.inkml
A:x\mapsto2\sqrt{x},data/mathwriting-2024/train/2e8edc8ece20b63d.inkml
\frac{a_{i}}{a_{j}},data/mathwriting-2024/train/4e40ef6762e53c24.inkml
sys(g)^{2}\le\frac{\pi}{2}area(g),data/mathwriting-2024/train/4836c1385f97b1d8.inkml
\mathbb{Q}:X\notin\mathbb{N},data/mathwriting-2024/train/0f8f6f0765ce1be7.inkml
T_{S}\sqrt{\frac{R_{S}}{D}},data/mathwriting-2024/train/db231c4a404c8bcd.inkml
"1/\sqrt{2}(\pm1,\pm1,0)",data/mathwriting-2024/train/2210b4bb553a410a.inkml
b<an+a,data/mathwriting-2024/train/fa53f9a54e72fe0d.inkml
\Gamma(O(1)),data/mathwriting-2024/train/e110b9dc1eed4dee.inkml
v_{c}=\frac{c_{t}\times v_{e}}{gr_{t}\times gr_{d}},data/mathwriting-2024/train/d97eb51bd42d1304.inkml
"sup\{1,2,3\}=3",data/mathwriting-2024/train/90563ee9dffc8881.inkml
C(R^{d}),data/mathwriting-2024/train/faab9e7e165f758a.inkml
G=\frac{mf^{2}}{\sqrt{1+\frac{s^{2}}{f^{2}}}},data/mathwriting-2024/train/bd0434d51224f476.inkml
\underline{x}^{-k},data/mathwriting-2024/train/fa89af54ef9c3d0d.inkml
\frac{9\times10^{n}}{nlog10},data/mathwriting-2024/train/437ebc5f0d898806.inkml
\tau_{MW}=\epsilon_{0}\frac{\epsilon_{1}+\epsilon_{2}}{\sigma_{1}+\sigma_{2}},data/mathwriting-2024/train/3e8e375ba4ae2ca0.inkml
\sigma(\tilde{\nu}),data/mathwriting-2024/train/da483485e46573c9.inkml
A_{\lambda}<0,data/mathwriting-2024/train/ce694963b76160ca.inkml
E(1+\alpha E)=\frac{\hbar^{2}k^{2}}{2m^{*}},data/mathwriting-2024/train/6a511e792b40840f.inkml
C_{m}=1+C_{a},data/mathwriting-2024/train/10e0ed88ce4d860f.inkml
\int_{\Omega}fw=0,data/mathwriting-2024/train/43908c4ac2e93493.inkml
\frac{dh(\alpha)}{d\alpha}=0,data/mathwriting-2024/train/b24a22aaf96a7aa6.inkml
G_{n}^{(2)},data/mathwriting-2024/train/cbb65b2c6dd6846c.inkml
lim_{n\rightarrow\infty}(1+\frac{x}{n})^{n}=e^{x},data/mathwriting-2024/train/83145ae93da8259e.inkml
\kappa^{2}=r^{-3}dl^{2}/dr,data/mathwriting-2024/train/06b9802ad3c1be6f.inkml
\hat{D}^{*},data/mathwriting-2024/train/b13291bd765a1dd6.inkml
"D^{2}(F\circ G)[h,k]",data/mathwriting-2024/train/0de978fe065dfcb1.inkml
0=\int_{\partial N}T^{\mu\nu}d^{3}s_{\nu},data/mathwriting-2024/train/faa4b3b16d9aebfc.inkml
E=\sqrt{\frac{2U(\phi_{0})}{\phi_{0}^{2}}}Q,data/mathwriting-2024/train/1bf41c5ca4af10a6.inkml
m=\prod p_{i}^{\alpha_{i}},data/mathwriting-2024/train/6859990f95414f13.inkml
\frac{1}{2}I\phi^{2},data/mathwriting-2024/train/1891a33cc39645dc.inkml
a_{(\nu_{7})},data/mathwriting-2024/train/5e764e6ba11dfdd1.inkml
N(t)=C2^{t/d},data/mathwriting-2024/train/996a1939694ae33c.inkml
\sigma_{t}=\frac{8\pi}{3}(\frac{\alpha\lambda_{c}}{2\pi})^{2},data/mathwriting-2024/train/0140aacf53f5b943.inkml
(\frac{2}{3})^{5}\times2^{3},data/mathwriting-2024/train/89af08fb2b949b62.inkml
\frac{dW}{dt},data/mathwriting-2024/train/914c179bb340646f.inkml
\frac{2asin\frac{\theta}{2}}{b(1-cos\frac{\theta}{2})}\approx\frac{8a}{b\theta},data/mathwriting-2024/train/5f5470014a5a6bfb.inkml
l_{(l_{\psi})},data/mathwriting-2024/train/504fcfd476290506.inkml
"\epsilon=\frac{T_{e,db}-T_{l,db}}{T_{e,db}-T_{e,wb}}",data/mathwriting-2024/train/6b8c30d6dea78fb6.inkml
\Omega=\rho+i\tilde{\rho}(\rho),data/mathwriting-2024/train/3fc45558b17aa70a.inkml
<24>5_{H}\overline{5}_{H},data/mathwriting-2024/train/96c4f9eb3c1cfba2.inkml
L=\frac{b^{2}}{a}=a-\frac{p^{2}}{4a},data/mathwriting-2024/train/15b945f1193170df.inkml
"L(s,\pi,r),L(s,\tilde{\pi},r)",data/mathwriting-2024/train/fa92e088cec8609a.inkml
"w=(\langle\overline{M}\rangle,10^{k})",data/mathwriting-2024/train/56b30a040d532584.inkml
f(x^{\prime\prime};s)<f(x^{\prime};s),data/mathwriting-2024/train/ebbea10d09c8a3f3.inkml
\eta_{PHC}=1-T_{R},data/mathwriting-2024/train/0c9189731ad05a4d.inkml
\iint_{S}FdS,data/mathwriting-2024/train/53656f4f1f44c9c3.inkml
Y|N=\sum_{n=1}^{N}X_{n},data/mathwriting-2024/train/2689c578a3be1ec9.inkml
"K_{b}(message,R)",data/mathwriting-2024/train/261cfcf5f9012f53.inkml
S_{m}=\frac{1}{2}E_{m}\times H_{m}^{*},data/mathwriting-2024/train/e44e45f2d0581fde.inkml
\frac{\partial\theta}{\partial z}<0,data/mathwriting-2024/train/b24e08033b56a464.inkml
\epsilon+2\pi i,data/mathwriting-2024/train/a7fcae0bf5ecbb4d.inkml
\int_{\gamma}\rho|dz|,data/mathwriting-2024/train/443eda42e9d2c1b3.inkml
\frac{1}{n}\rightarrow0,data/mathwriting-2024/train/ab19a00b9693ffce.inkml
\sum_{d|n}\varphi(d)=n,data/mathwriting-2024/train/989072a059b26584.inkml
\frac{4\zeta m}{\sqrt{1-\frac{0m}{vu^{0}}}},data/mathwriting-2024/train/5a62c3539f8f83bf.inkml
\frac{\partial V}{\partial p},data/mathwriting-2024/train/6092f61da3cb6b7b.inkml
||f-g||_{\infty},data/mathwriting-2024/train/e0a208bad1625d89.inkml
\tilde{K}_{\pm},data/mathwriting-2024/train/e4a3d8d65d0dc2fc.inkml
\frac{q^{\cdot\frac{(w\cdot t)^{2}}{4}}}{\sqrt{4\vartheta}},data/mathwriting-2024/train/2ff9cfcf247a0fe3.inkml
\Lambda^{(\delta_{m})},data/mathwriting-2024/train/884669339d57b568.inkml
V_{R}=V_{in}-V_{C},data/mathwriting-2024/train/ee9b03a0fecb70c8.inkml
|B||r|=\frac{m|v|}{qsin\theta},data/mathwriting-2024/train/b2ddc3c3fdfbf64c.inkml
P=\frac{1}{1+\eta}MC,data/mathwriting-2024/train/ddf725ab15760520.inkml
"\frac{\partial f(M,T)}{\partial M}>0",data/mathwriting-2024/train/1c14cb1f114eb041.inkml
D(\omega)=\frac{1}{1-j\omega\tau},data/mathwriting-2024/train/4b7e907ab61b94a5.inkml
ln\frac{P_{v}}{P_{sat}}=-\frac{2H\gamma V_{l}}{RT},data/mathwriting-2024/train/b97ecd402e4fbb6b.inkml
"I_{r,r-1}=[\begin{matrix}I\\ O\end{matrix}]",data/mathwriting-2024/train/77615cfb3d518457.inkml
NB(\phi_{i})=B(\phi_{i+1}),data/mathwriting-2024/train/5236821a9ae4a2f1.inkml
r_{1}=R_{1}+\rho_{1}\hat{\rho}_{1},data/mathwriting-2024/train/58c6447cb319a391.inkml
e^{-\frac{3}{5}(\frac{log\frac{x}{x_{4}}}{log\upsilon})^{5}},data/mathwriting-2024/train/fc5812cfe2a22d71.inkml
t=\frac{0}{\sqrt{0+\frac{u^{2}}{c^{2}}}}\kappa,data/mathwriting-2024/train/a633f8c95da66a5f.inkml
\Pi(z)=z\Pi(z-1),data/mathwriting-2024/train/90fd8f77afc4ee76.inkml
\|\begin{matrix}x&y\\ z&v\end{matrix}\|,data/mathwriting-2024/train/82dea0d087deee34.inkml
\frac{dP}{d\tau},data/mathwriting-2024/train/c34fc01dd9d10b9a.inkml
[\begin{matrix}-\frac{1}{2}{\eta_{1}}^{-1}\\ 2\eta_{2}+p+1\end{matrix}],data/mathwriting-2024/train/aea488ec2104c462.inkml
(c:a:a)\cdot m:4_{2}\odot\tilde{a},data/mathwriting-2024/train/378264de7f153277.inkml
\frac{1}{q}+\frac{1}{p}>\frac{1}{2},data/mathwriting-2024/train/8910d6d288fc4ca7.inkml
"\{-1,0\}\cap\{0,1\}\notin\tau_{1}",data/mathwriting-2024/train/22d3a59b3f3180a1.inkml
"\hat{I}_{\pm},\hat{U}_{\pm}",data/mathwriting-2024/train/adbc18944cb60fb6.inkml
\theta_{\lambda}(x)=\theta(\lambda x),data/mathwriting-2024/train/99bbbc824cef7825.inkml
\mathbb{A},data/mathwriting-2024/train/971bceb1333b96cf.inkml
p=\epsilon_{w}\hat{P}+p,data/mathwriting-2024/train/7998ef950aba2736.inkml
ln(2)\sum_{i=1}^{k}1/\lambda_{i},data/mathwriting-2024/train/6b968d033d74af08.inkml
\frac{U}{v}\frac{\partial u^{\prime}}{\partial x}=\nabla^{2}u^{\prime},data/mathwriting-2024/train/8d5a41d8828ae113.inkml
"d_{x}=d(x,\partial\Omega)",data/mathwriting-2024/train/7ea9c751a7dd8aef.inkml
\sqrt{\Psi},data/mathwriting-2024/train/2b3b487d330d9736.inkml
disc(H)=O(\sqrt{t}),data/mathwriting-2024/train/4c7fb9f7e0eca23d.inkml
F\approx\chi_{a}F_{a}+\chi_{b}F_{b},data/mathwriting-2024/train/1a36de2f2098b119.inkml
"\mathbb{R}^{1,1}/boost",data/mathwriting-2024/train/bb9932b75a577a6a.inkml
"Y_{2},...,Y_{n}",data/mathwriting-2024/train/37ec9b358611b237.inkml
15*(\begin{matrix}66\\ 8\end{matrix}),data/mathwriting-2024/train/689a309ebbdeaed1.inkml
"[1-\lambda R(\underline{k},\omega)]^{n}u(n)",data/mathwriting-2024/train/3d417140ea9cadae.inkml
\nabla\cdot\vec{A}+\frac{1}{c}\frac{\partial\varphi}{\partial t}=0,data/mathwriting-2024/train/4d682804c7c59023.inkml
P_{K}:H\rightarrow K,data/mathwriting-2024/train/45d173ab32820231.inkml
f=2\Omega sin\phi,data/mathwriting-2024/train/127a7f9b3fada0bb.inkml
W_{E}=\frac{1}{2}\sum_{i}\sigma_{i}\epsilon_{i},data/mathwriting-2024/train/f9788e991346da96.inkml
\frac{q^{d}-1}{2q^{d}}\sim\frac{1}{2},data/mathwriting-2024/train/b1fb72ee9a35d681.inkml
Q_{j}=\frac{d}{dt}\frac{\partial T}{\partial\dot{q}_{j}}-\frac{\partial T}{\partial q_{j}},data/mathwriting-2024/train/1e4876f7bbe29910.inkml
kt=\Theta=\frac{q}{iW},data/mathwriting-2024/train/6a26788a100f94ff.inkml
\varphi_{n}=arctan(\frac{1}{\sqrt{n}}),data/mathwriting-2024/train/5afb048813ed1366.inkml
"\dot{u}=\mu g(x,u)",data/mathwriting-2024/train/d067d2b6a8bdbc2a.inkml
(\begin{matrix}c_{k-1}\\ k-1\end{matrix})\le N-(\begin{matrix}c_{k}\\ k\end{matrix}),data/mathwriting-2024/train/cab3a80b0445cec6.inkml
\Gamma(\frac{5}{2}),data/mathwriting-2024/train/1ccc714186901faa.inkml
\hat{Y}_{j},data/mathwriting-2024/train/383e20d0201c3396.inkml
\frac{20\varphi^{2}}{3},data/mathwriting-2024/train/deb14631e9b6af05.inkml
\frac{\partial^{2}\psi}{\partial x\partial y}-\frac{\partial^{2}\psi}{\partial y\partial x}=0,data/mathwriting-2024/train/2595868a9e64460c.inkml
U2=U1=U,data/mathwriting-2024/train/5ea5bcf75ae45d3a.inkml
F=\int\Pi(x)dA,data/mathwriting-2024/train/c4b0d0b8475c2277.inkml
\mathbb{F},data/mathwriting-2024/train/3b3b2e6703950aec.inkml
Y_{0}=\sqrt{\frac{G+j\omega C}{R+j\omega L}},data/mathwriting-2024/train/932af1ea6b6ad588.inkml
\mathbb{V},data/mathwriting-2024/train/c01cdce67b9324df.inkml
(\begin{matrix}n\\ 3\end{matrix})-\lfloor\frac{n}{2}X\rfloor,data/mathwriting-2024/train/4ae66f76ce06d9e3.inkml
\Sigma_{\varphi}^{\varphi},data/mathwriting-2024/train/fdf6af42de9d79c9.inkml
"\phi,\psi,\tilde{\psi}\in L^{2}(R^{2})",data/mathwriting-2024/train/ea5843fc7a429200.inkml
P=\int_{K}\rho(k)dk,data/mathwriting-2024/train/ebac04effbe000d8.inkml
||\vec{E}||=||\vec{N}||=1,data/mathwriting-2024/train/13ebd9ceec47b521.inkml
\hat{\beta}=(\overline{y/x}),data/mathwriting-2024/train/ff62655d9d35620d.inkml
\Sigma_{ii},data/mathwriting-2024/train/0ba19b60463d82b6.inkml
\frac{\Delta z}{z}\approx\frac{\Delta x}{\mu ln(b\mu)},data/mathwriting-2024/train/6f81b6776da33989.inkml
\int_{0}^{t}Z_{s}ds,data/mathwriting-2024/train/a130fe13034603b2.inkml
1\le\sum_{k=1}^{\infty}\lambda(V_{k})\le3,data/mathwriting-2024/train/ee57dd76a9144e15.inkml
(B\circ A)\frac{dX}{dt},data/mathwriting-2024/train/03d7cd8e894f4304.inkml
w\notin B(v),data/mathwriting-2024/train/8679e6aa4aa9cf16.inkml
G=[\begin{matrix}\frac{\Delta t^{2}}{2}\\ \Delta t\end{matrix}],data/mathwriting-2024/train/341b601bd41df757.inkml
\frac{d\varphi}{d\tau}=\frac{L}{mr^{2}},data/mathwriting-2024/train/5049958a23e365e2.inkml
(\mathbb{Z}_{p})^{\times}\times(\mathbb{Z}_{p})^{\times},data/mathwriting-2024/train/56774435347bfd03.inkml
"((Z/9Z)^{\times},\{1,\circ\})",data/mathwriting-2024/train/d011165d5c9c3fa4.inkml
n![z^{n}]g_{m}(z)=[\begin{matrix}n\\ m\end{matrix}],data/mathwriting-2024/train/3c48848ddc3a1988.inkml
\frac{b_{k}^{\top}Ab_{k}}{b_{k}^{\top}b_{k}}=\frac{b_{k+1}^{\top}b_{k}}{b_{k}^{\top}b_{k}},data/mathwriting-2024/train/2deaa749c47fe1ee.inkml
k^{\theta_{\eta}},data/mathwriting-2024/train/ebba4e90f349ae83.inkml
\tilde{\psi},data/mathwriting-2024/train/239d6b8a07654a2f.inkml
|\Gamma|\equiv|\frac{V_{R}}{V_{I}}|>1,data/mathwriting-2024/train/b887b21831ec46b4.inkml
\frac{\partial\phi}{\partial t}=\frac{q}{\hbar}V=\frac{2\pi}{\Phi_{0}}V,data/mathwriting-2024/train/a7505c0350ba53b3.inkml
X=X_{1}\cup X_{2},data/mathwriting-2024/train/94377f08bb194c27.inkml
q=-\sum_{n=1}^{\infty}\frac{z^{n}}{n!},data/mathwriting-2024/train/1adcdb39017f3c5c.inkml
\hat{\zeta},data/mathwriting-2024/train/a71ce6120d75f353.inkml
\sqrt{\psi},data/mathwriting-2024/train/d6a03231aa6b0608.inkml
B\frac{dB}{dz}=\mu_{0}\rho\frac{g}{\chi},data/mathwriting-2024/train/0eab4cb4f3bfa37b.inkml
\Lambda_{(N)}^{2}=(\frac{dx}{dX})^{2},data/mathwriting-2024/train/e47fc25b7c80051a.inkml
\Gamma(u)=\frac{h^{-\frac{u^{2}}{2}}}{\sqrt{2\pi}},data/mathwriting-2024/train/6096ccee1b545773.inkml
\int d^{3}xJ^{0},data/mathwriting-2024/train/f043e62315c41109.inkml
\theta=\frac{\omega_{rec}^{2}}{2\delta}\tau=\omega_{rec}^{(2)}\tau,data/mathwriting-2024/train/3e66bfd6c84fcbcb.inkml
\mathbb{N},data/mathwriting-2024/train/b94b0cae277913cf.inkml
|1\rangle=(\begin{matrix}1\\ 0\end{matrix}),data/mathwriting-2024/train/fdb031602aea8796.inkml
"(\vec{\mu}_{0},\Sigma_{0})",data/mathwriting-2024/train/b2673bb215dcd451.inkml
\gamma=\frac{5}{\sqrt{5-\frac{q^{2}}{d^{2}}}},data/mathwriting-2024/train/c37c3168a90e6310.inkml
c\mapsto c^{\prime}=ncn^{-1},data/mathwriting-2024/train/07523a18e205b9e4.inkml
\int_{M}A\wedge dA,data/mathwriting-2024/train/1a25a7486207c24c.inkml
k\notin S,data/mathwriting-2024/train/66ce355486d91677.inkml
\pi_{w}^{\eta},data/mathwriting-2024/train/aa49fbcc3ac519d7.inkml
-\pi\le\phi\le\pi,data/mathwriting-2024/train/1147a8a28faa7376.inkml
l.ann(T)\ne\{0\},data/mathwriting-2024/train/a66b0cb229dbe602.inkml
(\frac{n!}{k!(n-k)!}),data/mathwriting-2024/train/58628f0a1d362474.inkml
u\equiv\sqrt{\frac{ax+b}{ax}},data/mathwriting-2024/train/a2cdf5fff9dc685b.inkml
x^{\prime}=\Lambda x,data/mathwriting-2024/train/7d241cd0cd3da497.inkml
\prod_{j\ne i}(x-x_{j}),data/mathwriting-2024/train/080c08ef35bc30a4.inkml
"\frac{O(x_{1},...,x_{n})}{J_{f}}",data/mathwriting-2024/train/69fd2e07d03e8ec6.inkml
\tilde{Z}[0],data/mathwriting-2024/train/3c8fae41242d99b5.inkml
(4)\Lambda sin(\theta_{m})=m\lambda,data/mathwriting-2024/train/467f2da70ab3b3a6.inkml
\hat{T}=-\frac{\hbar^{2}}{2m}\nabla^{2},data/mathwriting-2024/train/720496e2134221a0.inkml
\frac{T^{2}}{\langle\sigma v\rangle},data/mathwriting-2024/train/1c74897f5f61f952.inkml
"p(n,m,X;x)",data/mathwriting-2024/train/575227e1cfa83bc7.inkml
f(x)=0\forall x\notin\Omega,data/mathwriting-2024/train/64a67b7cbfcc64c0.inkml
\delta=\frac{2\epsilon\rho}{3D_{0}},data/mathwriting-2024/train/5ab969991138a768.inkml
r_{n}\simeq\sqrt{nf\lambda},data/mathwriting-2024/train/dd81bbf2a32ce98d.inkml
Z_{6}=\sqrt{\frac{L_{\frac{7}{4}}}{C_{\frac{7}{4}}}},data/mathwriting-2024/train/4f61e26d2940523e.inkml
\sum_{n}|n\rangle\langle n|=1,data/mathwriting-2024/train/2d586fdd2c174178.inkml
|N|!,data/mathwriting-2024/train/7423db2ac86f7b3d.inkml
\xi=\frac{x}{2\sqrt{t}},data/mathwriting-2024/train/5b6bd2366605b540.inkml
\Theta\subseteq R^{k}(k\ge1),data/mathwriting-2024/train/eb3d18673008976f.inkml
a^{l}B\subset a^{l+1}B+A,data/mathwriting-2024/train/0c3ec0fcc10e1c0e.inkml
\langle k\rangle=N-1,data/mathwriting-2024/train/2462b9622648b334.inkml
||x||_{\infty}^{p}\le||x||_{p}^{p},data/mathwriting-2024/train/8e9c114428044a22.inkml
?=\sqrt{1+2\sqrt{1+3\sqrt{1+\cdot\cdot\cdot}}},data/mathwriting-2024/train/273ae3a980b24a3d.inkml
J=[\begin{matrix}A&B\\ C&D\end{matrix}],data/mathwriting-2024/train/65fdebad214b30ba.inkml
"S\subseteq[n],|S|\le d,j\notin S",data/mathwriting-2024/train/29f4854bd521bd49.inkml
\underline{P}X\ne\emptyset,data/mathwriting-2024/train/fde0c73fc4ffb46e.inkml
\tilde{\Phi}=\sqrt{3}ln\Phi,data/mathwriting-2024/train/e0db0e4f0e1f37fa.inkml
\hat{\theta}\in\Theta,data/mathwriting-2024/train/d9eb4596db86499b.inkml
\frac{\Sigma u}{b}=\frac{R^{\frac{2u_{q}}{b}}-1}{R^{\frac{2u_{q}}{b}}\cdot1},data/mathwriting-2024/train/5b3fd8efd7bee8ee.inkml
"(x+k\delta)\in[a,b]",data/mathwriting-2024/train/e5f749b5880e8cb3.inkml
U(h)=U(0)h^{\zeta},data/mathwriting-2024/train/34ce2bfa77d9c382.inkml
\pi(\frac{1}{2})^{4}\approx0.19635,data/mathwriting-2024/train/b7845f8d412ed980.inkml
\hat{y}=X\hat{\beta},data/mathwriting-2024/train/3b1780397f0bc83c.inkml
\hat{\Phi}=-4\pi G\frac{\hat{\rho}}{k^{2}},data/mathwriting-2024/train/6dfc587bd3e7f376.inkml
\frac{a^{2};q_{n}}{(q;q)_{n}},data/mathwriting-2024/train/8bb1622fbae1d0a8.inkml
\frac{N\overline{x^{2}}}{\chi_{2}^{2}}\le\hat{\sigma}^{2}\le\frac{N\overline{x^{2}}}{\chi_{1}^{2}},data/mathwriting-2024/train/c5e2c9a71865b847.inkml
e^{\frac{\delta}{2}F}=\prod_{oddl}e^{\frac{\delta}{2}F^{[l]}},data/mathwriting-2024/train/02554400079370fa.inkml
Re_{\lambda}=\frac{\langle v^{\prime}\rangle_{rms}\lambda}{\nu},data/mathwriting-2024/train/8b2f29634e1683f1.inkml
\Theta_{\eta}^{y},data/mathwriting-2024/train/cef5dc9d27833df1.inkml
x\leftarrow x+0,data/mathwriting-2024/train/00201d421de15e75.inkml
\{A_{i}|i\in\underline{m}\backslash A\},data/mathwriting-2024/train/936045532dd0a69a.inkml
\hat{e}=y-X\hat{\beta},data/mathwriting-2024/train/151d5970f797a745.inkml
E\simeq25000M_{\odot}^{1/2},data/mathwriting-2024/train/b3f2f3435e18ecfb.inkml
H\Psi_{\alpha}^{\pm}=E_{\alpha}\Psi_{\alpha}^{\pm},data/mathwriting-2024/train/71dfcd0dd66e569c.inkml
(B_{1}\vee\cdot\cdot\cdot\vee B_{k}),data/mathwriting-2024/train/cc3ddc9d10c5a344.inkml
"X\sim W^{-1}(\Psi,\nu)",data/mathwriting-2024/train/e50c4544f663dfaa.inkml
\frac{1}{\sqrt{\xi}},data/mathwriting-2024/train/3f2db9ab24afb08c.inkml
\eta=\frac{P}{\dot{Q}_{H}},data/mathwriting-2024/train/277db11d15536fed.inkml
\frac{1+\frac{n}{c}cos\iota_{s}}{\sqrt{1\cdot\frac{n^{3}}{c^{3}}}},data/mathwriting-2024/train/81e730461204655a.inkml
\beta(t)=\frac{v_{s}(t)}{c},data/mathwriting-2024/train/bfb4ff43af48b81b.inkml
\mu_{B}=\frac{e\hbar}{2mc},data/mathwriting-2024/train/13a766d19415928c.inkml
\underline{X}=X^{+}\cup X^{-},data/mathwriting-2024/train/937f7eeab6ea9283.inkml
"L(\chi_{2},s)=\beta(s)",data/mathwriting-2024/train/64b2fedef45a0f1f.inkml
\xi=\{\begin{matrix}0\\ v\end{matrix}\},data/mathwriting-2024/train/1363c1cf35b61c40.inkml
x^{2}\equiv a,data/mathwriting-2024/train/0105b09d4bd9ea86.inkml
q=\frac{1}{\sqrt{1\cdot\frac{v^{5}}{c^{5}}}}\xi,data/mathwriting-2024/train/bd2675fbd35449f6.inkml
f(\xi)\leftarrow\hat{f},data/mathwriting-2024/train/007081acc51ba382.inkml
K_{2}/\mathbb{Q}_{2},data/mathwriting-2024/train/9503ed040f6bcf4d.inkml
\aleph_{0}+0=\aleph_{0}+1,data/mathwriting-2024/train/364a31949db5c75e.inkml
\tilde{\chi}(t)=\tilde{\rho}(t)R_{0},data/mathwriting-2024/train/6674e696965628d8.inkml
K(t)=\sum_{n=1}^{\infty}\kappa_{n}\frac{t^{n}}{n!},data/mathwriting-2024/train/d23d02fcbdb232d2.inkml
6^{6^{6^{\aleph_{0}}}},data/mathwriting-2024/train/e8819260022c1ba6.inkml
|X|\sim\chi_{1}(x),data/mathwriting-2024/train/e09398aa09190206.inkml
i_{Q}:Q\hookrightarrow E,data/mathwriting-2024/train/d94b2073d4e0c191.inkml
\Phi(\lambda x)=\overline{\lambda}\Phi(x),data/mathwriting-2024/train/8c6251a621c16bc7.inkml
1.04\times10^{-14}J/m^{3},data/mathwriting-2024/train/afa6a295997a6764.inkml
\frac{L}{L_{\odot}}\sim{(\frac{M}{M_{\odot}})}^{3.9},data/mathwriting-2024/train/0f8b24d27cee115f.inkml
B=\frac{1}{c}\oint\frac{Idl\times\hat{r}}{r^{2}},data/mathwriting-2024/train/85561093b6a7607f.inkml
DP_{n}\equiv X_{n}=\frac{M_{n}}{M_{0}},data/mathwriting-2024/train/8a9388d06ca9eff4.inkml
P=\frac{\hbar c^{6}}{15360\pi G^{2}M^{2}},data/mathwriting-2024/train/cc6a393903a7d1bb.inkml
2^{2^{2^{\aleph_{1}}}},data/mathwriting-2024/train/314bb2df1012c6fc.inkml
\underline{P}X=\{x|[x]_{P}\subseteq X\},data/mathwriting-2024/train/13b408d734ee721f.inkml
\vartheta(n)=\frac{1}{\sqrt{1-\frac{n^{7}}{c^{7}}}},data/mathwriting-2024/train/7d96594303fb4462.inkml
\sum_{k=2}^{\infty}(-1)^{k}\frac{\zeta(k)}{k}=\gamma,data/mathwriting-2024/train/e327bd0a3aa09f28.inkml
c^{2}=\frac{2\kappa Gh}{D(1-\nu)},data/mathwriting-2024/train/1e9fb576fe35da7c.inkml
h_{J}\leftarrow\hat{h},data/mathwriting-2024/train/71eb24fe8bcd3d27.inkml
n!\ge\sqrt{2\pi n}n^{n}e^{-n},data/mathwriting-2024/train/de6a4293f69435cc.inkml
"c_{\Lambda}(\eta,\xi)>0",data/mathwriting-2024/train/82e9f0f8f8fb1eed.inkml
\mathbb{E}[M_{\tau}],data/mathwriting-2024/train/143522de6a6e1dcd.inkml
\mathbb{Z},data/mathwriting-2024/train/2e9917cd513cc700.inkml
"a,b\mapsto a-b:=a+(-b)",data/mathwriting-2024/train/6c0806c75410dc6b.inkml
M_{weak}\sim100GeV,data/mathwriting-2024/train/9637f9f29b64db13.inkml
"\forall X,Y\in L^{0}(F_{T})",data/mathwriting-2024/train/fc9d0a3b44e50668.inkml
\underline{\mathbb{Z}}_{X},data/mathwriting-2024/train/2e807d2b7cc77fe1.inkml
\mathbb{Q}(\sqrt{-23}),data/mathwriting-2024/train/bf3fa1d88462e022.inkml
g^{\dagger}=(\begin{matrix}\overline{d}&-\overline{b}\\ -\overline{c}&\overline{a}\end{matrix}),data/mathwriting-2024/train/407a8d56fe5e8945.inkml
\frac{r^{\prime}}{\sqrt{0+\frac{r^{2}}{9}}}\ge0,data/mathwriting-2024/train/ddb716a95c2bca7a.inkml
\mu(\tilde{X}\cap\tilde{Y})=0,data/mathwriting-2024/train/9455877cdc7be39b.inkml
D=\mathbb{Z}[\sqrt{3}],data/mathwriting-2024/train/bd61d5214334152d.inkml
W_{\alpha}\equiv\overline{D}^{2}D_{\alpha}V,data/mathwriting-2024/train/e2d31ffae1b0d170.inkml
\frac{\partial f}{\partial X}\ne0,data/mathwriting-2024/train/da580b4ecc95084a.inkml
\lceil log_{2}n\rceil,data/mathwriting-2024/train/644ae8dac9f35c35.inkml
B_{0}\leftarrow q_{0}-{P^{(0)}}^{T}B,data/mathwriting-2024/train/5c99e06b8d5732a6.inkml
\vartheta(n)=\frac{1}{\sqrt{1-\frac{n^{7}}{c^{7}}}},data/mathwriting-2024/train/c6feed3effb50449.inkml
p_{i}=\frac{f_{i}}{\Sigma_{j=1}^{N}f_{j}},data/mathwriting-2024/train/ce04df53fd713fe3.inkml
\cap_{n\in Z}f^{n}(U)=\Omega(f),data/mathwriting-2024/train/c92e7fb6591fed0f.inkml
\Theta^{c_{v}},data/mathwriting-2024/train/81080247c665f1b5.inkml
\Delta_{\psi}\hat{l}_{z}\Delta_{\psi}\theta\ge\frac{\hbar}{2},data/mathwriting-2024/train/bd51476dbaa07c98.inkml
M:=R^{2}\backslash\{0\},data/mathwriting-2024/train/c0d0472f71ae9fb0.inkml
\tilde{\phi}\circ\omega_{G}=\omega_{H}\circ\phi,data/mathwriting-2024/train/14e6fbcab5ba4499.inkml
K=\int|\kappa|ds,data/mathwriting-2024/train/c845771c66e9e572.inkml
\tilde{e}_{i}L\subset L,data/mathwriting-2024/train/fd676faba32f1cbb.inkml
(\frac{\Delta}{\varpi}),data/mathwriting-2024/train/fa2ca30b8b5fc7ed.inkml
\vartheta=-\frac{log\frac{\phi_{\varsigma_{1}}}{\phi_{\varsigma_{2}}}}{log\frac{\varsigma_{1}}{\varsigma_{2}}},data/mathwriting-2024/train/a5c099cf77e32d82.inkml
\int_{\mathbb{R}}f(x-y)g(y)dy,data/mathwriting-2024/train/d1049bfbfbc4b3bc.inkml
\Pi^{Z^{+}},data/mathwriting-2024/train/46e5f4a4d5ce9b59.inkml
X\backslash C\cup\{\omega\}\in\tau_{\omega X},data/mathwriting-2024/train/de601fe63a9a2f60.inkml
\Gamma=\Lambda^{T},data/mathwriting-2024/train/6d547c72e8624c55.inkml
"(1/2,-p;3/2;x^{2})",data/mathwriting-2024/train/0daf520f380e4346.inkml
\delta(\theta)\simeq j\frac{cos\theta}{cos\theta_{0}},data/mathwriting-2024/train/f601bb2b12dfdd4c.inkml
"\frac{1}{(-x,-qx^{-1};q)_{\infty}}",data/mathwriting-2024/train/0a416612bdd8f5fc.inkml
\sigma=\sigma_{\mu}^{i}dx^{\mu}\otimes\partial_{i}(5),data/mathwriting-2024/train/613fcdedb964572d.inkml
"\forall k\in S,M_{i,k}=0",data/mathwriting-2024/train/fbfe992f528d38ac.inkml
\emptyset\notin P,data/mathwriting-2024/train/486d4a00ee1a3339.inkml
\dot{V}(t)=\frac{dV}{dt}|_{t},data/mathwriting-2024/train/127085c5d6407670.inkml
S(A)=\frac{1}{2}(A-A^{\dagger}),data/mathwriting-2024/train/0cc2886c73a05483.inkml
"Nat(h^{A},F)\cong F(A)",data/mathwriting-2024/train/da0d95596e1ffba8.inkml
6^{6^{6^{\aleph_{0}}}},data/mathwriting-2024/train/1160265b3ede38bf.inkml
B=\frac{1}{c}\oint\frac{Idl\times\hat{r}}{r^{2}},data/mathwriting-2024/train/fa3b582e93546139.inkml
"y=ce^{\frac{1}{2}x^{2}},c\in\mathbb{R}",data/mathwriting-2024/train/aa258abf9c559bf5.inkml
(\cup A)\cap(\cup B)\ne\emptyset,data/mathwriting-2024/train/076e7b58bfaba0f1.inkml
\tilde{E}_{i}^{a}\mapsto\tilde{E}_{i}^{a}/\beta,data/mathwriting-2024/train/62cad77141b99960.inkml
2^{d}=O(n^{\lfloor l/2\rfloor}),data/mathwriting-2024/train/56663964f6289608.inkml
\forall i\sum_{j=1}^{N}\mu_{ij}\le1,data/mathwriting-2024/train/091ba6f2b8460824.inkml
\phi(h)=\frac{e^{\cdot\frac{h^{2}}{2}}}{\sqrt{2\Pi}},data/mathwriting-2024/train/aea1b2e05ddce097.inkml
\Xi(x)=\frac{e^{\cdot\frac{x^{5}}{5}}}{\sqrt{5\pi}},data/mathwriting-2024/train/b15eedfbb4fee508.inkml
\upsilon_{c}=\frac{8}{\sqrt{L_{\frac{8}{0}}C_{\frac{8}{0}}}},data/mathwriting-2024/train/a50a945d9fb3120d.inkml
\mathbb{L},data/mathwriting-2024/train/3e2f4f386fc7164e.inkml
\varphi\wedge\psi,data/mathwriting-2024/train/c6d81eb151a7f8c5.inkml
Z\oplus Z_{2}+Z,data/mathwriting-2024/train/e97ecf9b986ef394.inkml
\exists w(y\ne w),data/mathwriting-2024/train/2ac5c84188e33cce.inkml
\varphi\wedge\psi,data/mathwriting-2024/train/52268e171c9cdf44.inkml
C=\frac{U\times\dot{V}}{P},data/mathwriting-2024/train/d1253730d848c291.inkml
M^{n}\subset R^{\frac{n(n+1)}{2}},data/mathwriting-2024/train/ac153d3d207f217e.inkml
\sqrt{\Pi},data/mathwriting-2024/train/e041b2227c5e2204.inkml
"\frac{\Gamma\vdash A[t/x],\Delta}{\Gamma\vdash\exists xA,\Delta}(\exists R)",data/mathwriting-2024/train/8d71f55f1e85b7d0.inkml
j^{(\frac{\kappa}{\varpi})[1-\sqrt{1-\frac{0\varpi^{0}t}{\kappa}}]},data/mathwriting-2024/train/8eb471d28cb4b4fe.inkml
\hat{\varphi}=g^{2}\hat{a}^{\dagger}\hat{a}+\delta^{2}/4,data/mathwriting-2024/train/4c3aeb9d9cefcbd9.inkml
\Phi(\Psi_{\epsilon}(\tilde{x})),data/mathwriting-2024/train/672c6f9a14600d66.inkml
\varphi\vdash\neg\psi,data/mathwriting-2024/train/955e66c1c49366c0.inkml
\Psi_{\theta}^{g},data/mathwriting-2024/train/db18a0b4ff8520bc.inkml
h_{t+1}=f(h_{t})\oplus h_{t},data/mathwriting-2024/train/bb4be9b6fece5465.inkml
o^{-\frac{1}{3}(\frac{log\frac{x}{x_{6}}}{log\varpi})^{3}},data/mathwriting-2024/train/01ceaec12958393a.inkml
\psi(X^{\top}X)^{-1},data/mathwriting-2024/train/0dfe2c4df827afad.inkml
\oint_{C}\frac{1}{z}dz,data/mathwriting-2024/train/9c5f5aea8bed7896.inkml
\tilde{V}=\bigcup_{K}(V^{*})^{K},data/mathwriting-2024/train/06ec0b1139812cf0.inkml
v\propto\sqrt{E/\rho},data/mathwriting-2024/train/d29a0113e435d5ab.inkml
\forall r=1...m,data/mathwriting-2024/train/1815500bb361101e.inkml
A\ominus B=\bigcap_{b\in B}A_{-b},data/mathwriting-2024/train/85f7ca3f4bbddeb5.inkml
\overline{\psi}\mapsto\overline{\psi}e^{-i\Lambda},data/mathwriting-2024/train/62c2dfccb209ef34.inkml
\mathbb{I},data/mathwriting-2024/train/a3ccd34782831690.inkml
\forall i\in\overline{n}\backslash\{0\}(i|m),data/mathwriting-2024/train/2ee6d6195a9d301a.inkml
"\hat{A}_{n,\alpha}^{\dagger}",data/mathwriting-2024/train/ef4085398ee336b5.inkml
\frac{1}{4}+n:n\in\mathbb{Z},data/mathwriting-2024/train/e91545cb243edcaf.inkml
"\{4,5\}^{2^{2^{\aleph_{4}}}}",data/mathwriting-2024/train/41f85d5be05dbda0.inkml
"Spin(12,\mathbb{C})",data/mathwriting-2024/train/5ca94ba6326f3629.inkml
R_{U}\in R_{U}\iff R_{U}\notin R_{U},data/mathwriting-2024/train/ac2c54e2dd684cd2.inkml
P\underline{\vee}Q,data/mathwriting-2024/train/8383b3f3a3e35b77.inkml
\sigma(V_{R})\subset V_{R},data/mathwriting-2024/train/665533f690b7ce3b.inkml
"\chi_{r,n}=(\begin{matrix}\lfloor\frac{n}{2}\rfloor\\ \lfloor\frac{r}{2}\rfloor\end{matrix})",data/mathwriting-2024/train/d1c750cb955302c9.inkml
x\notin Y\cup Z,data/mathwriting-2024/train/0724204c23ed38a5.inkml
U^{\dagger}(R)\hat{A}^{\prime}U(R)=\hat{A},data/mathwriting-2024/train/90df5bcf4b8a6a8c.inkml
y\leftarrow\alpha Ax+\beta y,data/mathwriting-2024/train/21843d605f884498.inkml
lim_{t\rightarrow\infty}\frac{1}{t}X_{t}=\frac{1}{\mathbb{E}S_{1}},data/mathwriting-2024/train/1e5b18d9b4fd7fb8.inkml
\vartheta_{i}\equiv\frac{1}{\sqrt{1-\frac{u_{i}+u_{i}}{c^{2}}}},data/mathwriting-2024/train/402f34a0c78817f8.inkml
\beta=\frac{0}{\sqrt{\sum_{\upsilon=0}^{s}\frac{j^{2}}{v_{\upsilon}^{2}}}},data/mathwriting-2024/train/ba225f80745169e9.inkml
A\ominus B=\bigcap_{b\in B}A_{-b},data/mathwriting-2024/train/5c9d34eae59284f9.inkml
L=-\frac{u_{*}^{2}}{\varpi\frac{o}{\overline{\psi_{v}}}\overline{z^{\prime}\psi_{v}^{\prime}}},data/mathwriting-2024/train/38dfb72ac8b7a4fe.inkml
=2rcos?,data/mathwriting-2024/train/542d082a45b92c60.inkml
P:=\mathbb{P}(N_{M}V\oplus\mathbb{C}),data/mathwriting-2024/train/8527798f7dc488b5.inkml
A(V)\cong\Lambda(V),data/mathwriting-2024/train/4a67a663d590e16b.inkml
\rho^{\prime}:\overline{V}\otimes V\rightarrow L,data/mathwriting-2024/train/00eaa6c52615f111.inkml
T\vdash_{S}\phi,data/mathwriting-2024/train/77f1e865ff7cec0e.inkml
D_{S}(D_{S}-x)=\triangle_{S},data/mathwriting-2024/train/cf19156553289f06.inkml
f_{4}\cong so_{9}\oplus\Delta^{16},data/mathwriting-2024/train/b5f52c12663f8767.inkml
\mathbb{K}>\mathbb{N},data/mathwriting-2024/train/2be8582438ef32e0.inkml
\neg\psi\vee\neg\varphi,data/mathwriting-2024/train/4b5ed6d3df6f9be6.inkml
S(f)=\mathbb{E}|X(f)|^{2},data/mathwriting-2024/train/303a3e1a9bf3c417.inkml
L=-\frac{u_{*}^{2}}{\varpi\frac{o}{\overline{\psi_{v}}}\overline{z^{\prime}\psi_{v}^{\prime}}},data/mathwriting-2024/train/68755108af4a99dc.inkml
Z(g)v\subseteq M,data/mathwriting-2024/train/f6a5c3b9eeafdb99.inkml
-\int_{1/2}^{1}2\lfloor\frac{1}{x}\rfloor dx,data/mathwriting-2024/train/93da39772a2d2fbf.inkml
j:=(AO_{L})\cap O_{K},data/mathwriting-2024/train/a89471a82d0a471f.inkml
\lfloor\sqrt{n}\rfloor,data/mathwriting-2024/train/9456627e7569be94.inkml
|\overline{T}_{max}|\simeq3.5,data/mathwriting-2024/train/378d0dbd2e46d8a5.inkml
\phi=g\circ f:\pi\rightarrow Z^{b},data/mathwriting-2024/train/52d9548ceb63c212.inkml
[\begin{matrix}w^{1}\\ \vdots\\ w^{k}\end{matrix}],data/mathwriting-2024/train/7bae6747028498d2.inkml
L\subseteq\Sigma^{*}\times\mathbb{N},data/mathwriting-2024/train/9d6eee95bec20bdf.inkml
\upsilon_{c}=\frac{8}{\sqrt{L_{\frac{8}{0}}C_{\frac{8}{0}}}},data/mathwriting-2024/train/9f0b411dd6f952a1.inkml
\bigcup_{i=j+1}^{\infty}A_{i},data/mathwriting-2024/train/2154ff37b42189a8.inkml
\mathbb{G},data/mathwriting-2024/train/93f5de99f7960d02.inkml
R_{U}\in R_{U}\iff R_{U}\notin R_{U},data/mathwriting-2024/train/1e3af95e7ec3f55f.inkml
F=N^{\otimes N},data/mathwriting-2024/train/c880e564368bc977.inkml
\alpha=-\frac{log\frac{\Upsilon_{\varsigma_{0}}}{\Upsilon_{\varsigma_{2}}}}{log\frac{\varsigma_{0}}{\varsigma_{2}}},data/mathwriting-2024/train/1632cd9e68a8f2d9.inkml
H_{\aleph_{1}}\subset L(R),data/mathwriting-2024/train/e504301216f2e7c7.inkml
S\subsetneq\underline{m},data/mathwriting-2024/train/894f2d21dc734b36.inkml
\neg alive(3),data/mathwriting-2024/train/e78a84346e6e3b32.inkml
1\notin A\Rightarrow\sigma A=0,data/mathwriting-2024/train/55e658117af258a2.inkml
\omega C\gg\frac{1}{R},data/mathwriting-2024/train/f7746eef1060b092.inkml
\eta^{2}(2n+1)\ll1,data/mathwriting-2024/train/c82307564a8898e8.inkml
\int_{M}A\wedge dA,data/mathwriting-2024/train/735ac939ff5eb197.inkml
0<z\ll\sqrt{\alpha+1},data/mathwriting-2024/train/539f1d6c3a065973.inkml
|\frac{\partial S}{\partial y}|\ll1,data/mathwriting-2024/train/24c61cdf930c01d5.inkml
f^{0}(\perp)=\perp\sqsubseteq k,data/mathwriting-2024/train/3d802e7ef319b335.inkml
1\notin A\Rightarrow\sigma A=0,data/mathwriting-2024/train/47a3aeff5560f677.inkml
"S_{1}=S-\{\emptyset,X\}",data/mathwriting-2024/train/e3a89652b31b493a.inkml
p_{i}\#=\prod_{j=1}^{i}p_{j},data/mathwriting-2024/train/22dc00238558cdbe.inkml
e^{-\frac{3}{5}(\frac{log\frac{x}{x_{4}}}{log\upsilon})^{5}},data/mathwriting-2024/train/e0a7bde447d5800d.inkml
\Psi_{0}(x)\propto\frac{e^{ip_{0}\cdot|x|/\hbar}}{|x|},data/mathwriting-2024/train/7af1dc3fe0694713.inkml
\emptyset\notin P,data/mathwriting-2024/train/dcc387c1880f6f73.inkml
"\frac{C(4,2)}{C(7,2)}=\frac{6}{21}=\frac{2}{7}?",data/mathwriting-2024/train/c08ef9c6515bf4fe.inkml
\tilde{\mathbb{P}}[X(T)=V(T)]=1,data/mathwriting-2024/train/40020286f07e45f0.inkml
P\underline{\vee}Q,data/mathwriting-2024/train/a0f60e29bb41201d.inkml
\Xi=\sum_{i=1}^{s}(-\frac{\mu_{i}N}{T}),data/mathwriting-2024/train/cbc213e87312c71f.inkml
P:=\sum_{i\in I}\tilde{u}_{i}\otimes\tilde{v}_{i},data/mathwriting-2024/train/4aca1e05fbc08d78.inkml
"(A_{\bullet},d_{A,\bullet})",data/mathwriting-2024/train/81183be6be0d5f8c.inkml
\mu^{-1}(p)\hookrightarrow M,data/mathwriting-2024/train/821f8830553ea1d3.inkml
A^{n}\rightarrow A\otimes_{B}A,data/mathwriting-2024/train/e570327e066214fd.inkml
\mathbb{P}(X\ge a)\le\frac{\mathbb{E}(X)}{a},data/mathwriting-2024/train/6760d66c21bee905.inkml
p_{0}\subsetneq p_{1}\subsetneq\cdot\cdot\cdot\subsetneq p_{n},data/mathwriting-2024/train/4ab4f2a4a242fd1c.inkml
\delta I(t)\ll I_{c},data/mathwriting-2024/train/0fa7a593f4ef5f44.inkml
\oint_{S}H\cdot dl=I+I_{d},data/mathwriting-2024/train/cf0d4a0addabcf76.inkml
\Rightarrow\delta=n^{\gamma-\frac{1}{2}},data/mathwriting-2024/train/cd10e080c70bd130.inkml
\mathbb{G},data/mathwriting-2024/train/184dbd6ebdbe589e.inkml
\oint_{C}B\cdot dl=\mu_{0},data/mathwriting-2024/train/af68f52abb681779.inkml
|W|\le|\bigcup_{A\in W}A|,data/mathwriting-2024/train/ca71e733b869bc9c.inkml
A\wedge(\neg B)\wedge(\neg C),data/mathwriting-2024/train/9de22733c99edb6e.inkml
\mathbb{W}_{n}\rightarrow\underline{O}^{n},data/mathwriting-2024/train/691147a8dbcaa59d.inkml
\mathbb{I},data/mathwriting-2024/train/7cf34f65dc00eb0e.inkml
\|\begin{matrix}x&y\\ z&v\end{matrix}\|,data/mathwriting-2024/train/5f8a0c39c15a42a2.inkml
B+H^{+}\rightleftharpoons BH^{+},data/mathwriting-2024/train/302552acfd465243.inkml
"\frac{\Gamma,C,C\vdash B}{\Gamma,C\vdash B}",data/mathwriting-2024/train/04d5bf4f36203997.inkml
W^{\mathbb{C}}\cong W\oplus\overline{W},data/mathwriting-2024/train/1cf63e1530505de7.inkml
\frac{100-95}{95}=5.26\%,data/mathwriting-2024/train/2515adb41688e1ff.inkml
\Rightarrow y=\frac{-1}{2x},data/mathwriting-2024/train/fbc898d1d1f03eb8.inkml
\{X_{n}:n\in\mathbb{N}\},data/mathwriting-2024/train/e8e4dc14fc4278e4.inkml
"X\perp\perp R_{y}|(R_{x},Z)",data/mathwriting-2024/train/6ec9313d34a6e269.inkml
I\propto e^{-d},data/mathwriting-2024/train/c9c6e36b36c3d27d.inkml
\mathbb{X},data/mathwriting-2024/train/6d7d61d78fb28f3e.inkml
\tilde{H}/\tilde{H}^{\prime}\simeq H/H^{\prime},data/mathwriting-2024/train/1a4028230bbc053c.inkml
\bigcap\{\overline{B}_{0}:B_{0}\in B\},data/mathwriting-2024/train/6e643717abec59dd.inkml
A\rightarrow B/C\_D,data/mathwriting-2024/train/318f221bb898136c.inkml
"i,i^{\prime}:X\hookrightarrow R^{m}",data/mathwriting-2024/train/7bdb518cbef283bd.inkml
(A\leftrightarrow B),data/mathwriting-2024/train/fe97194f1db2898f.inkml
\mathbb{J},data/mathwriting-2024/train/cd677c114f104566.inkml
\mathbb{F},data/mathwriting-2024/train/a42574b6a69acab0.inkml
\mathbb{F},data/mathwriting-2024/train/93a8eda440fd4988.inkml
"\frac{}{\Gamma,\perp\vdash\Delta}",data/mathwriting-2024/train/75405f0412899e58.inkml
|a|=0\Leftrightarrow a=0,data/mathwriting-2024/train/77a3be3c19b94945.inkml
\bullet!=1,data/mathwriting-2024/train/5bcc68f7bdaa076e.inkml
"E=\bigoplus_{i\le j}E_{ij},",data/mathwriting-2024/train/47c599ae3117e5fc.inkml
\mathbb{A},data/mathwriting-2024/train/35623d51e09d3a57.inkml
R_{U}\in R_{U}\iff R_{U}\notin R_{U},data/mathwriting-2024/train/d4fc56b52720426f.inkml
\prod_{\mathbb{N}}\mathbb{F}_{p},data/mathwriting-2024/train/9338473c2b185d78.inkml
?=\sqrt{1+2\sqrt{1+3\sqrt{1+\cdot\cdot\cdot}}},data/mathwriting-2024/train/e3a83c833ce0855e.inkml
C=\bigcap C_{i},data/mathwriting-2024/train/b1a8bccbbc869c74.inkml
\mathbb{U},data/mathwriting-2024/train/8b30208dd4a5adac.inkml
G(r)\propto\frac{1}{r^{D-2+\eta}},data/mathwriting-2024/train/a9fabf29ce4b54f5.inkml
\frac{1+\frac{n}{c}cos\iota_{s}}{\sqrt{1\cdot\frac{n^{3}}{c^{3}}}},data/mathwriting-2024/train/62697e82a9f5498a.inkml
R_{\perp}=\frac{4\pi G}{3c^{2}}\rho(r),data/mathwriting-2024/train/887b7dea46b4ea9e.inkml
g=\bigoplus_{i\in Z}g_{i},data/mathwriting-2024/train/763ef3bb4dc31165.inkml
"\iint f(x,y)dxdy",data/mathwriting-2024/train/12087ca37067ad7e.inkml
\mathbb{E},data/mathwriting-2024/train/1ff0178673b5cf6a.inkml
\mathbb{C},data/mathwriting-2024/train/2e10f580ce060380.inkml
\mathbb{W},data/mathwriting-2024/train/978c5e06a2cb7ed6.inkml
Q\propto\frac{1}{r^{3}},data/mathwriting-2024/train/79cacd4023ccbc75.inkml
A\rightarrow B/C\_D,data/mathwriting-2024/train/15493c2727c190a3.inkml
A\models_{X}^{+}=(t_{1}...t_{n}),data/mathwriting-2024/train/d28fe6f32264a1b7.inkml
a^{-\frac{1}{3}(\frac{log\frac{x}{x_{8}}}{log\Xi})^{3}},data/mathwriting-2024/train/d28b66d7cb82b5c8.inkml
\frac{dy}{dt}=?,data/mathwriting-2024/train/409c6ca64fdabf90.inkml
"b\in\mathbb{B},x,y\in\mathbb{R}",data/mathwriting-2024/train/e1ba1544822bf798.inkml
\mathbb{T},data/mathwriting-2024/train/16b0fd163028cf3b.inkml
K=\mathbb{Q}(\sqrt{-9748}),data/mathwriting-2024/train/21482ebacc1d309b.inkml
\mathbb{T},data/mathwriting-2024/train/c2ee68a83f6d1c67.inkml
\mathbb{O},data/mathwriting-2024/train/b9ef6aa9658c7a9d.inkml
A|B\Leftrightarrow B|A,data/mathwriting-2024/train/21d696b43c316bc6.inkml
A\rightarrow B/C\_D,data/mathwriting-2024/train/3d85e5fda9c345e9.inkml
"G^{p}=\bigoplus_{i\ge p}K^{i,*}",data/mathwriting-2024/train/c448e48fb47a7298.inkml
\mathbb{G},data/mathwriting-2024/train/5e034d5c00a84902.inkml
\Rightarrow c=\frac{d}{2\varphi},data/mathwriting-2024/train/ffd460cf65a5c861.inkml
\varphi\vdash\neg\psi,data/mathwriting-2024/train/7b7a8320aa731e28.inkml
\kappa_{n}=\frac{v^{\top}H_{F}v}{||gradF||},data/mathwriting-2024/train/2f6536cd50c82017.inkml
"\mathbb{Q}(\sqrt[p]{2},\zeta_{p})",data/mathwriting-2024/train/3e63b5220cfe6e7d.inkml
"\bigoplus_{e\in E}L^{2}([0,L_{e}])",data/mathwriting-2024/train/a97244746f09542d.inkml
P=\frac{I_{\perp}-I_{||}}{I_{\perp}+I_{||}},data/mathwriting-2024/train/751d35e86b03e059.inkml
\mathbb{S},data/mathwriting-2024/train/424b708e132a1aea.inkml
\lceil(b-1)/2\rceil,data/mathwriting-2024/train/1d3ee14dbaae47fc.inkml
V\in\mathbb{C}^{N\times m},data/mathwriting-2024/train/6a0b70e769b61b00.inkml
|\frac{\partial S}{\partial y}|\ll1,data/mathwriting-2024/train/be0b435a29b8c612.inkml
\|e\|^{2},data/mathwriting-2024/train/6f8384e0009d6e02.inkml
{\Xi^{\sigma}}^{m},data/mathwriting-2024/train/3724199c00fdaf6b.inkml
(V/W)^{*}\cong W^{o},data/mathwriting-2024/train/2cb65a50be94cf32.inkml
\mathbb{V},data/mathwriting-2024/train/2162c9e6f6a425c5.inkml
\frac{1+\frac{n}{c}cos\iota_{s}}{\sqrt{1\cdot\frac{n^{3}}{c^{3}}}},data/mathwriting-2024/train/e4056e2bdf14bcf8.inkml
r_{c}=(\frac{2\pi D_{\odot}^{2}}{\mu_{0}v\dot{M}})^{\frac{1}{4}},data/mathwriting-2024/train/7f81ee1ead33fdea.inkml
\mathbb{F},data/mathwriting-2024/train/773acde0863447ff.inkml
a=\tilde{x}\iff f(a)=f(\tilde{x}),data/mathwriting-2024/train/2d2664c8d23a71d1.inkml
(300/762)^{4}\approx2.4\%,data/mathwriting-2024/train/4f0f55c0bab66bae.inkml
A_{0}\bigcap A_{1}=\emptyset,data/mathwriting-2024/train/18e47e3ac4be4d61.inkml
\neg(\exists xP(x)),data/mathwriting-2024/train/70b324963d42335b.inkml
"T_{0,r\#}\nu\in Tan(\mu,a)",data/mathwriting-2024/train/7af1bdd364417583.inkml
C_{m}=Z_{m}\bullet f,data/mathwriting-2024/train/7deda4879a98efc3.inkml
\mathbb{I},data/mathwriting-2024/train/91484f873040bbde.inkml
\mathbb{P},data/mathwriting-2024/train/3a06b882335b9af9.inkml
v=[\begin{matrix}r\\ \angle\theta\\ h\end{matrix}],data/mathwriting-2024/train/aeaacded96a60430.inkml
\top^{I}=\Delta^{I},data/mathwriting-2024/train/fbf37a5e09a336ab.inkml
\mathbb{L},data/mathwriting-2024/train/3e01b1c8c100bd9a.inkml
14\frac{3}{4}\div13\frac{1}{2}=\frac{59}{54},data/mathwriting-2024/train/90b28542ccc75f2b.inkml
k[X]=\bigoplus_{\lambda}k[X]_{(\lambda)},data/mathwriting-2024/train/8299d56ac8379ea9.inkml
\frac{1+\frac{n}{c}cos\iota_{s}}{\sqrt{1\cdot\frac{n^{3}}{c^{3}}}},data/mathwriting-2024/train/328d4f21e95e4435.inkml
\frac{e^{\frac{(u-q)^{3}}{9}}}{i\sqrt{9\iota}},data/mathwriting-2024/train/357f70fd8b13c702.inkml
\|v+td\|^{2}=r^{2},data/mathwriting-2024/train/84749f5d40364505.inkml
M\ni q:=exp_{p}(v),data/mathwriting-2024/train/a0efd07bb970b352.inkml
[\begin{matrix}\bullet&x\\ \bullet&y\end{matrix}],data/mathwriting-2024/train/fb31fed7128c4620.inkml
F^{-}:X^{-}\longrightarrow R^{-},data/mathwriting-2024/train/f989262f65261b86.inkml
\mathbb{Y},data/mathwriting-2024/train/69918b963824acd1.inkml
\mathbb{K},data/mathwriting-2024/train/e05c32ffaf4d7e0f.inkml
\mathbb{J},data/mathwriting-2024/train/1b2bae4608954408.inkml
y\in y\iff y\notin y,data/mathwriting-2024/train/1c5ec1b45bf4594d.inkml
a^{d}\not\equiv1(modn),data/mathwriting-2024/train/7710acf5fcd3962d.inkml
\tilde{V}=\bigcup_{K}(V^{*})^{K},data/mathwriting-2024/train/67fb3e115cfdd781.inkml
v=[\begin{matrix}\rho&\angle\theta&\angle\phi\end{matrix}],data/mathwriting-2024/train/5a8bb9018b13dcaa.inkml
"I^{p,\bullet}=J\oplus K",data/mathwriting-2024/train/1f3ffc8e557cd43b.inkml
\tilde{V}=\bigcup_{K}(V^{*})^{K},data/mathwriting-2024/train/9a2f6143af54cfff.inkml
[W_{T}]\gg[E_{1}],data/mathwriting-2024/train/a751e84a359aaac0.inkml
\lambda=\mp1/\sqrt{2},data/mathwriting-2024/train/bfde649a84fe4305.inkml
"\iint f(x,y)dxdy",data/mathwriting-2024/train/97100c20122d0df4.inkml
\bigwedge GFP_{i},data/mathwriting-2024/train/9db4f417996068b2.inkml
b+w^{\top}x,data/mathwriting-2024/train/8af9de77d8cc8e37.inkml
\lceil\frac{1}{2}|V|\rceil,data/mathwriting-2024/train/85b628132c539120.inkml
\mathbb{I},data/mathwriting-2024/train/80b65a40ff6c0a7e.inkml
\mathbb{L},data/mathwriting-2024/train/a72a7c0b8342a3cd.inkml
\mathbb{B},data/mathwriting-2024/train/5c14fca3a20e75e2.inkml
14\frac{3}{4}\div13\frac{1}{2}=\frac{59}{54},data/mathwriting-2024/train/de3f54402291c9d5.inkml
\bigwedge^{k}V,data/mathwriting-2024/train/79b3c50c9f277063.inkml
d^{2}=(\frac{L}{L_{\odot}})(\frac{b_{\odot}}{b}),data/mathwriting-2024/train/de3422457160de4f.inkml
\mathbb{P}(X\ge a)\le\frac{\mathbb{E}(X)}{a},data/mathwriting-2024/train/355cae984b7ffcb3.inkml
N\models\varphi(\underline{\#(\theta)}),data/mathwriting-2024/train/3daa491cba7afc4a.inkml
\varsigma f^{\prime}=\frac{\varsigma f}{\sqrt{3-\frac{v^{0}}{c^{0}}}},data/mathwriting-2024/train/eb6842ab1373aa8a.inkml
\frac{a}{b}\div\frac{c}{d},data/mathwriting-2024/train/50890119b607728e.inkml
S\subsetneq\underline{m},data/mathwriting-2024/train/df263543cf95bdbe.inkml
x\#=\prod_{p\le x}p,data/mathwriting-2024/train/941883c4d5f36185.inkml
\frac{a}{b}\div\frac{c}{d}=\frac{ad}{bc},data/mathwriting-2024/train/696887af148bf8a9.inkml
\mathbb{K},data/mathwriting-2024/train/739ae332e04e84c4.inkml
\mathbb{U},data/mathwriting-2024/train/b38ef193b6815b66.inkml
dv^{2}=u^{2}\mp2,data/mathwriting-2024/train/a6195e73b156800a.inkml
\|\begin{matrix}x&y\\ z&v\end{matrix}\|,data/mathwriting-2024/train/a96588d4adbfdca7.inkml
\mathbb{I},data/mathwriting-2024/train/c1b0cab3a6556e0b.inkml
\varsigma f^{\prime}=\frac{\varsigma f}{\sqrt{3-\frac{v^{0}}{c^{0}}}},data/mathwriting-2024/train/619406d23a371be2.inkml
t=\lceil1+n/\sqrt{2}\rceil,data/mathwriting-2024/train/17567149aee95c6c.inkml
\mathbb{Y},data/mathwriting-2024/train/068e2ee8c995b51c.inkml
\mathbb{J},data/mathwriting-2024/train/472ab1842e614fdf.inkml
\frac{\theta\vdash\phi\phi\models\psi}{\theta\vdash\psi},data/mathwriting-2024/train/a25de10070c0eb0b.inkml
\mathbb{K},data/mathwriting-2024/train/680e8dc82818d94f.inkml
[\psi!]p\leftrightarrow(\psi\rightarrow p),data/mathwriting-2024/train/46c6e64e1c70a5c3.inkml
\mathbb{T},data/mathwriting-2024/train/4065ad71e7c69d73.inkml
x\#=\prod_{p\le x}p,data/mathwriting-2024/train/cab0d614980f09b5.inkml
\mathbb{A},data/mathwriting-2024/train/223e760bd50fcab1.inkml
\mathbb{O},data/mathwriting-2024/train/f34235371f072a12.inkml
\lceil\frac{1}{2}|V|\rceil,data/mathwriting-2024/train/3ff50e1e8aabf7e7.inkml
MN/M\triangleleft G/M,data/mathwriting-2024/train/6ebc07d00639b3a7.inkml
1/e=37\%,data/mathwriting-2024/train/7f2d587731df0728.inkml
\mathbb{S},data/mathwriting-2024/train/d711acfcdea3331d.inkml
\int\int_{\partial V}\bigcirc D\cdot dA,data/mathwriting-2024/train/2464a265e1c23335.inkml
\mathbb{W}_{n}\rightarrow\underline{O}^{n},data/mathwriting-2024/train/eaedcc789c7fa557.inkml
\mathbb{X},data/mathwriting-2024/train/805c9968e4abb649.inkml
(\exists k)(y\cdot k=x),data/mathwriting-2024/train/b20d06de0a2af2b8.inkml
\mathbb{K},data/mathwriting-2024/train/ae8f7fc4ba1fea5f.inkml
\Pi_{n}^{0}\subsetneq\Pi_{n+1}^{0},data/mathwriting-2024/train/1e1149ba64b60bf1.inkml
\mathbb{J},data/mathwriting-2024/train/f274014e5828d4af.inkml
s\models_{K}f_{2},data/mathwriting-2024/train/361bb29a86f6aae3.inkml
(\Omega\backslash\sigma(\Omega))\cap\mathbb{H}^{-},data/mathwriting-2024/train/ae91e03a40d6df7b.inkml
\bigwedge_{x},data/mathwriting-2024/train/5b373da0b402f612.inkml
I_{a}=\frac{|E_{i}|\angle\delta-|V_{t}|}{jX_{d}},data/mathwriting-2024/train/390f847c5926e4c7.inkml
\alpha=-\frac{log\frac{\Upsilon_{\varsigma_{0}}}{\Upsilon_{\varsigma_{2}}}}{log\frac{\varsigma_{0}}{\varsigma_{2}}},data/mathwriting-2024/train/67fe13302069dde2.inkml
d^{3}\Pi_{u}\Leftrightarrow a^{3}\Pi_{g},data/mathwriting-2024/train/5f3f1739bfde94dc.inkml
R\ni t\mapsto\frac{1}{2}f^{*}(|t|),data/mathwriting-2024/train/ea4bf89e4b395284.inkml
\Leftrightarrow|PA|=3|PB|,data/mathwriting-2024/train/e905e0a235c530ae.inkml
\mathbb{W},data/mathwriting-2024/train/30fcc1552095ebd9.inkml
\mathbb{U},data/mathwriting-2024/train/f50d39a930739e1c.inkml
\mathbb{D},data/mathwriting-2024/train/d9e9c9671e123135.inkml
\mathbb{J},data/mathwriting-2024/train/d96337365f61e581.inkml
\angle\rho=\frac{4\pi}{\lambda}x-\pi,data/mathwriting-2024/train/9e90f70ed1ef02b6.inkml
\mathbb{U},data/mathwriting-2024/train/efbf4b17f3249b5b.inkml
\alpha=-\frac{log\frac{\Upsilon_{\varsigma_{0}}}{\Upsilon_{\varsigma_{2}}}}{log\frac{\varsigma_{0}}{\varsigma_{2}}},data/mathwriting-2024/train/919316d3740639d2.inkml
\mathbb{H},data/mathwriting-2024/train/3c39553df6187166.inkml
(\exists x)\phi(x),data/mathwriting-2024/train/5e9161e103670ff9.inkml
\mathbb{L},data/mathwriting-2024/train/00b6825ba90b32a2.inkml
"\bigvee_{j=1}^{9}p(i,j,n)",data/mathwriting-2024/train/450ffa41219ff483.inkml
M[\begin{matrix}a_{1}\\ \vdots\\ a_{n}\end{matrix}],data/mathwriting-2024/train/354986070eaef61b.inkml
\mathbb{S},data/mathwriting-2024/train/65c51705573a15d3.inkml
\mathbb{W}_{n}\rightarrow\underline{O}^{n},data/mathwriting-2024/train/64882aea9d245c07.inkml
A\rightarrow B/C\_D,data/mathwriting-2024/train/3acc42d890de4b2b.inkml
\mathbb{V},data/mathwriting-2024/train/5f2313d29f3e8eea.inkml
"M,w\models[\psi!]\phi",data/mathwriting-2024/train/cdaab12b28608de8.inkml
\mathbb{T},data/mathwriting-2024/train/a8a5e8dbe7d4400f.inkml
\mathbb{T},data/mathwriting-2024/train/6c1aef631eb1608b.inkml
A\ominus B=\bigcap_{b\in B}A_{-b},data/mathwriting-2024/train/d1f9bfba342d29e0.inkml
\mathbb{S},data/mathwriting-2024/train/746eb9e86aa34fcb.inkml
\tilde{\varphi}:\mathbb{S}^{\lambda}E\rightarrow M,data/mathwriting-2024/train/2ea4c40f20bc18a2.inkml
\alpha=-\frac{log\frac{\Upsilon_{\varsigma_{0}}}{\Upsilon_{\varsigma_{2}}}}{log\frac{\varsigma_{0}}{\varsigma_{2}}},data/mathwriting-2024/train/ed4580369160a14c.inkml
\alpha=-\frac{log\frac{\Upsilon_{\varsigma_{0}}}{\Upsilon_{\varsigma_{2}}}}{log\frac{\varsigma_{0}}{\varsigma_{2}}},data/mathwriting-2024/train/9f62dfc29c67ae03.inkml
rcot\frac{\angle A}{2},data/mathwriting-2024/train/c21fca88b65396d4.inkml
\lambda=\mp1/\sqrt{2},data/mathwriting-2024/train/d05ce9bc3fc790fc.inkml
(\forall x\ni\phi(x))\tau(x),data/mathwriting-2024/train/ee37b99925d12bdd.inkml
\frac{dlnK}{dT}=\frac{{\Delta H_{m}}^{\ominus}}{RT^{2}},data/mathwriting-2024/train/42b50c53513185c7.inkml
\iint_{D}dA,data/mathwriting-2024/train/be1e852e6cabefbd.inkml
A\rightarrow B/C\_D,data/mathwriting-2024/train/a5a91c7acc1dfdd4.inkml
"H^{q}(X,\bigwedge^{p}\Omega_{X}|_{Y})",data/mathwriting-2024/train/29927fec6ed88aba.inkml
P\hookrightarrow(R_{\ge0})^{f},data/mathwriting-2024/train/2694b0268a348326.inkml
F_{T}+A_{T}\Leftrightarrow TC,data/mathwriting-2024/train/eb39c97b61569e3d.inkml
p_{\alpha}\longrightarrow-i\hbar\frac{\partial}{\partial\alpha},data/mathwriting-2024/train/f4e99be97d5b164f.inkml
"\iint f(x,y)dxdy",data/mathwriting-2024/train/ba232c27dc32738a.inkml
[\begin{matrix}w^{1}\\ \vdots\\ w^{k}\end{matrix}],data/mathwriting-2024/train/bd62066711ba3865.inkml
\mathbb{D},data/mathwriting-2024/train/2c224f28677a4533.inkml
g(x_{0})\gg x_{1}g^{\prime}(x_{0}),data/mathwriting-2024/train/7d077cdddf7d6e89.inkml
\mathbb{Y},data/mathwriting-2024/train/083cb5da075869c8.inkml
\mathbb{G},data/mathwriting-2024/train/ecbbf6c29ae26659.inkml
\mathbb{Y},data/mathwriting-2024/train/9f0c48d2e85177f3.inkml
\mathbb{A},data/mathwriting-2024/train/7e8a1b066f3696aa.inkml
"[0,1]\ni t\mapsto(t,f(t))",data/mathwriting-2024/train/962cdc87601125a6.inkml
\mathbb{A},data/mathwriting-2024/train/858b9939f28ae39e.inkml
D=\frac{T}{P}\times100\%,data/mathwriting-2024/train/c4f4d28868e3ee08.inkml
\mathbb{Y},data/mathwriting-2024/train/014ec53c1a7dad26.inkml
x\gg|\alpha^{2}-\frac{1}{4}|,data/mathwriting-2024/train/5c5ac7a4bf3549af.inkml
\ni_{X}\subseteq PX\times X,data/mathwriting-2024/train/6bff3201a42c2aa1.inkml
SU(2n)\supset Sp(n),data/mathwriting-2024/train/f94c5cfa5c58a1cf.inkml
E^{+}(k)\gg E^{-}(k),data/mathwriting-2024/train/e7499a09cb620136.inkml
C\triangleq\int_{\Delta}\rho xx^{T}dA,data/mathwriting-2024/train/804318d2dc1f370b.inkml
\mathbb{G},data/mathwriting-2024/train/06aa6be6038e2e1d.inkml
"O_{3}^{\pm,\mp}(3)=2^{3}",data/mathwriting-2024/train/da45549c996ad554.inkml
\mathbb{M},data/mathwriting-2024/train/af3201c1573e16e0.inkml
"\sqrt{kn},k\in\mathbb{Z^{+}}",data/mathwriting-2024/train/15a33c13f26e825f.inkml
"O_{3}^{\pm,\mp}(3)=2^{3}",data/mathwriting-2024/train/c73db21590b97213.inkml
[\begin{matrix}w^{1}\\ \vdots\\ w^{k}\end{matrix}],data/mathwriting-2024/train/080462c849e4d34e.inkml
A(S)=\bigvee_{i\in S}x_{i},data/mathwriting-2024/train/6c32f6c6c7a24116.inkml
lim_{i\rightarrow\infty}\frac{|gF_{i}\triangle F_{i}|}{|F_{i}|}=0,data/mathwriting-2024/train/fca77b1a1b9eee8e.inkml
lim_{i\rightarrow\infty}\frac{|gF_{i}\triangle F_{i}|}{|F_{i}|}=0,data/mathwriting-2024/train/95b9f5a1999d1f73.inkml
\mathbb{D},data/mathwriting-2024/train/8698c8ad02d95ac8.inkml
\mathbb{U},data/mathwriting-2024/train/9eeb91855a926a97.inkml
\mathbb{L},data/mathwriting-2024/train/10c27adb251b8e8c.inkml
\mathbb{B},data/mathwriting-2024/train/79325b28fcaf118a.inkml
+\neg F^{n}\leftrightarrow\neg+F^{n},data/mathwriting-2024/train/9187cb8abfa34cb2.inkml
\mathbb{B},data/mathwriting-2024/train/a06767fea2605f9c.inkml
\mathbb{M},data/mathwriting-2024/train/21aef3ff937117bd.inkml
a^{2^{r}d}\not\equiv-1(modn),data/mathwriting-2024/train/da96e870be064853.inkml
K_{X}=\bigwedge^{n}\Omega_{X}^{1},data/mathwriting-2024/train/6d168a2149eab02c.inkml
\mathbb{M},data/mathwriting-2024/train/55320529fd32e088.inkml
\mathbb{B},data/mathwriting-2024/train/9445f524f5b0483b.inkml
"a_{b,i}=\gamma_{b,i}\frac{b_{i}}{b^{\ominus}}",data/mathwriting-2024/train/850564e6d6f58168.inkml
\mathbb{V},data/mathwriting-2024/train/bc9976b56cf66289.inkml
\mathbb{V},data/mathwriting-2024/train/89197669cb129c58.inkml
"w\Vdash P(t_{1},...,t_{n})[e]",data/mathwriting-2024/train/39daaf2f2c39ff11.inkml
\mathbb{O},data/mathwriting-2024/train/31f102e04abe9013.inkml
a^{ec}\supseteq a,data/mathwriting-2024/train/a9e1de8ee86eacdd.inkml
f_{\epsilon}:\partial V\longrightarrow\mathbb{R},data/mathwriting-2024/train/27a2763bc719de1a.inkml
\omega_{k}\triangleq\frac{k2\pi}{NT},data/mathwriting-2024/train/587bf5c658a2c0ac.inkml
\mathbb{D},data/mathwriting-2024/train/130464934a649335.inkml
b\triangleleft a=b^{a},data/mathwriting-2024/train/670559c2691e0bc3.inkml
\lambda:A\longrightarrow A^{\vee},data/mathwriting-2024/train/fb2b218fad081f6e.inkml
j_{i}:V\hookrightarrow M_{i},data/mathwriting-2024/train/97237549e6c0d29c.inkml
\mathbb{X},data/mathwriting-2024/train/422c1883e79daf6a.inkml
\mathbb{\hat{C}}=\mathbb{C}\cup\{\infty\},data/mathwriting-2024/train/e852ae6e365fd505.inkml
\mathbb{O},data/mathwriting-2024/train/fc7fa53830cfd6d4.inkml
\mathbb{M},data/mathwriting-2024/train/b99371b3236b74c9.inkml
\mathbb{O},data/mathwriting-2024/train/b7d71f4fb65eb577.inkml
"rad(i\sqrt{r},\mathbb{H})=2\sqrt{r}",data/mathwriting-2024/train/e4a3cb61f8f7274d.inkml
[\begin{matrix}w^{1}\\ \vdots\\ w^{k}\end{matrix}],data/mathwriting-2024/train/1be0bbcd37ef583e.inkml
\mathbb{D},data/mathwriting-2024/train/542164677d86035a.inkml
U^{\prime\prime}:=\bigcup_{a\in A_{0}}U_{a}^{\prime}\supset A,data/mathwriting-2024/train/fb5369bed2a19497.inkml
D^{\le0}\supset D^{\le1},data/mathwriting-2024/train/5282a30763ff75dc.inkml
\mathbb{H},data/mathwriting-2024/train/ad53a00442327759.inkml
\triangle^{(0)}y_{i}:=y_{i},data/mathwriting-2024/train/872cd8e41cdb3937.inkml
\neg\neg P\&\neg\neg R,data/mathwriting-2024/train/c95bbbd4d2d30098.inkml
\mathbb{M},data/mathwriting-2024/train/db7b9e141a42433e.inkml
\mathbb{X},data/mathwriting-2024/train/bd7e7adc6412c8ec.inkml
A\subsetneq\underline{m},data/mathwriting-2024/train/19876a7ff07c725b.inkml
\int\int_{\partial V}\bigcirc D\cdot dA,data/mathwriting-2024/train/297fde34769fe406.inkml
\triangle=\sum_{i=1}^{m}\nabla_{E_{i}}\nabla_{E_{i}},data/mathwriting-2024/train/f9a19821da3dac39.inkml
\lambda:A\longrightarrow A^{\vee},data/mathwriting-2024/train/446d09b8a243f11e.inkml
\{x_{i}\leftrightarrow{x_{i}}^{\prime}\},data/mathwriting-2024/train/511c158f95a92085.inkml
\mathbb{H},data/mathwriting-2024/train/71624e62ef5fec25.inkml
(p\Vdash_{P}f\wedge p\Vdash_{P}g),data/mathwriting-2024/train/a5b7ca97bb4b8dca.inkml
Q(\sqrt{2})\supseteq Q,data/mathwriting-2024/train/04a855ef776363c2.inkml
\mathbb{X},data/mathwriting-2024/train/d967952057619083.inkml
A_{x}B_{y}\rightleftharpoons xA+yB,data/mathwriting-2024/train/e418e75965cc4f3d.inkml
HA^{+}\rightleftharpoons H^{+}+A,data/mathwriting-2024/train/dba45640f5577877.inkml
C+2H_{2}\rightleftharpoons CH_{4},data/mathwriting-2024/train/7ff8bd279ea2d9a8.inkml
M_{1}=\frac{1}{2m}M\supset M,data/mathwriting-2024/train/a72fb6f2a9d4b494.inkml
a^{n-1}\not\equiv1(modn),data/mathwriting-2024/train/2379d8cd898c1cf6.inkml
p_{\mu}\leftrightarrow-\frac{\partial S}{\partial x^{\mu}},data/mathwriting-2024/train/d23a99335460ff90.inkml
\sum_{J\supset I}(-1)^{|J\backslash I|}|A_{J}|,data/mathwriting-2024/train/32d4e524a47037a7.inkml
\nabla\cdot H\not\equiv0,data/mathwriting-2024/train/5554b11b2bfc98e1.inkml
\omega_{k}\triangleq\frac{k2\pi}{NT},data/mathwriting-2024/train/818caf45dce7cbd3.inkml
(a-b)\not\equiv(b-a),data/mathwriting-2024/train/cfa630e4608e6ea9.inkml
!(A\&B)\equiv!A\otimes!B,data/mathwriting-2024/train/33bac91779361f90.inkml
\varphi_{2}=\forall_{y}\bigvee_{i}(x_{i}=y),data/mathwriting-2024/train/5d66c332eb1c19eb.inkml
u\Vdash A[e(x\rightarrow a)],data/mathwriting-2024/train/9c3a27378e92c31d.inkml
2CO\rightleftharpoons CO_{2}+C,data/mathwriting-2024/train/9e251a97595259b3.inkml
q(e^{ix})\triangleq p(x),data/mathwriting-2024/train/0b53bac92b223f4e.inkml
\mathbb{HP}^{2}/U(1),data/mathwriting-2024/train/d736f8b297865b06.inkml
y\triangleq[\begin{matrix}x\\ z_{1}\end{matrix}],data/mathwriting-2024/train/a021b9d1df73685e.inkml
a^{ec}\supseteq a,data/mathwriting-2024/train/ebf1b2f72f5b4388.inkml
!(A\&B)\equiv!A\otimes!B,data/mathwriting-2024/train/3ac758854db68d65.inkml
\varphi_{2}=\forall_{y}\bigvee_{i}(x_{i}=y),data/mathwriting-2024/train/2c0cfd561bd6ed3c.inkml
\int\int\int_{\partial V}\bigcirc D\cdot dA,data/mathwriting-2024/train/0cb9958d4b394570.inkml
(p\Vdash_{P}f\wedge p\Vdash_{P}g),data/mathwriting-2024/train/c514e5e3b1e69e90.inkml
\bigvee_{j=1}^{n},data/mathwriting-2024/train/66d08355efa68929.inkml
a^{ec}\supseteq a,data/mathwriting-2024/train/0e62997b5a82268f.inkml
a^{ec}\supseteq a,data/mathwriting-2024/train/b259bbe803142313.inkml
\int\int\int_{\partial V}\bigcirc D\cdot dA,data/mathwriting-2024/train/242ebf8fa8caefff.inkml
SV=\mathbb{R}g\wedge\bigcirc g,data/mathwriting-2024/train/d9dd99b62f54f05c.inkml
"\sqrt{kn},k\in\mathbb{Z^{+}}",data/mathwriting-2024/train/19428081ed568c6f.inkml
f(w)\Vdash^{\prime}p,data/mathwriting-2024/train/059ac88233086bc0.inkml
\mathbb{HP}^{2}/U(1),data/mathwriting-2024/train/b0aec37174960bb4.inkml
(P\rightarrow Q)\&(R\rightarrow S),data/mathwriting-2024/train/1750eded8d2b2ca8.inkml
